<?xml version="1.0" encoding="UTF-8"?>
<project-private xmlns="http://www.netbeans.org/ns/project-private/1">
    <editor-bookmarks xmlns="http://www.netbeans.org/ns/editor-bookmarks/2" lastBookmarkId="0"/>
    <open-files xmlns="http://www.netbeans.org/ns/projectui-open-files/2">
        <group>
            <file>file:/C:/Users/maeca/OneDrive/Documentos/lp1/Avaliacao1_Maria_Luiza/src/br/com/avaliacao1/dao/ConexaoDAO.java</file>
            <file>file:/C:/Users/maeca/OneDrive/Documentos/lp1/Avaliacao1_Maria_Luiza/src/br/com/avaliacao1/dao/ClinicaDAO.java</file>
            <file>file:/C:/Users/maeca/OneDrive/Documentos/lp1/Avaliacao1_Maria_Luiza/src/br/com/avaliacao1/view/ClinicaVIEW.java</file>
            <file>file:/C:/Users/maeca/OneDrive/Documentos/lp1/Avaliacao1_Maria_Luiza/src/br/com/avaliacao1/dto/ClinicaDTO.java</file>
            <file>file:/C:/Users/maeca/OneDrive/Documentos/lp1/Avaliacao1_Maria_Luiza/src/br/com/avaliacao1/ctr/ClinicaCTR.java</file>
            <file>file:/C:/Users/maeca/OneDrive/Documentos/lp1/Avaliacao1_Maria_Luiza/src/br/com/avaliacao1/view/PrincipalVIEW.java</file>
        </group>
    </open-files>
</project-private>
